{"eta_seconds": 12561.719164577516, "fast_rcnn/cls_accuracy": 0.99609375, "iteration": 6, "keypoint_head/num_fg_samples": NaN, "kpts_num_skipped_batches": 7.0, "roi_head/num_bg_samples": 127.5, "roi_head/num_fg_samples": 0.5, "rpn/num_neg_anchors": 254.5, "rpn/num_pos_anchors": 1.5}
{"data_time": 0.0008760205237194896, "fast_rcnn/false_negative": 1.0, "fast_rcnn/fg_cls_accuracy": 0.0, "iteration": 5, "loss_box_reg": 0.004894785233773291, "loss_cls": 0.06444906815886497, "loss_keypoint": 0.0, "loss_rpn_cls": 0.10221244767308235, "loss_rpn_loc": 0.005511383758857846, "lr": 1.49875e-07, "time": 12.650271062011598, "total_loss": 0.1815456853946671}
